trial_id,sign_name,time_ms,flex_right_1,flex_right_2,flex_right_3,flex_right_4,flex_right_5,flex_left_1,flex_left_2,flex_left_3,flex_left_4,flex_left_5,ax_right,ay_right,az_right,gx_right,gy_right,gz_right,ax_left,ay_left,az_left,gx_left,gy_left,gz_left
1,HGGU,0.0,293,1024,492,260,1143,1004,1027,1583,436,1241,-0.0495,0.049699999999999994,-0.0557,-0.624,-1.182,0.07999999999999999,-0.1502,-0.0955,0.9189999999999999,0.07900000000000001,1.345,0.018999999999999996
1,HGGU,19.0,476,637,490,989,631,1711,1724,894,503,725,-0.0495,0.049699999999999994,-0.0557,-0.624,-1.182,0.07999999999999999,-0.1493,-0.10069999999999998,0.9193,-0.11199999999999999,1.307,-0.0040000000000000036
1,HGGU,38.0,925,338,806,559,487,339,862,602,1595,1227,-0.0495,0.049699999999999994,-0.0557,-0.624,-1.182,0.07999999999999999,-0.14679999999999999,-0.1003,0.9199999999999999,-0.15,1.322,-0.034
1,HGGU,57.0,1035,708,419,1188,826,917,458,1617,1396,560,-0.0495,0.049699999999999994,-0.0557,-0.624,-1.182,0.07999999999999999,-0.1477,-0.09970000000000001,0.9190999999999999,-0.15,1.276,-0.0040000000000000036
1,HGGU,76.0,259,811,915,1064,1293,1405,1374,1351,474,951,-0.0495,0.049699999999999994,-0.0557,-0.624,-1.182,0.07999999999999999,-0.1491,-0.09690000000000001,0.9188,0.07100000000000001,1.353,-0.065
1,HGGU,95.0,1113,265,1184,1071,822,1492,668,1672,434,1275,-0.0495,0.049699999999999994,-0.0557,-0.624,-1.182,0.07999999999999999,-0.1494,-0.09889999999999999,0.9159999999999999,-0.07399999999999998,1.192,-0.011000000000000003
1,HGGU,114.0,456,228,1237,438,1100,1772,809,550,1360,564,-0.0495,0.049699999999999994,-0.0557,-0.624,-1.182,0.07999999999999999,-0.14750000000000002,-0.09889999999999999,0.9207,-0.173,1.292,-0.026999999999999996
1,HGGU,133.0,827,793,383,1210,296,1752,543,1054,919,1694,-0.0495,0.049699999999999994,-0.0557,-0.624,-1.182,0.07999999999999999,-0.14800000000000002,-0.09889999999999999,0.9179999999999999,-0.135,1.307,-0.14900000000000002
1,HGGU,152.0,428,770,857,380,602,853,1620,845,359,1279,-0.0495,0.049699999999999994,-0.0557,-0.624,-1.182,0.07999999999999999,-0.1483,-0.1006,0.9188,-0.08199999999999999,1.307,-0.034
1,HGGU,171.0,821,603,695,1179,1297,670,884,1493,1457,646,-0.0495,0.049699999999999994,-0.0557,-0.624,-1.182,0.07999999999999999,-0.1479,-0.1011,0.9177,0.025000000000000022,1.337,0.018999999999999996
1,HGGU,190.0,858,368,936,853,992,791,396,1692,355,1269,-0.0495,0.049699999999999994,-0.0557,-0.624,-1.182,0.07999999999999999,-0.1485,-0.10019999999999998,0.9188999999999999,-0.035999999999999976,1.391,0.096
1,HGGU,209.0,1237,797,470,602,463,1342,1152,619,877,1688,-0.0495,0.049699999999999994,-0.0557,-0.624,-1.182,0.07999999999999999,-0.1501,-0.0978,0.9195,0.26199999999999996,1.36,0.049999999999999996
1,HGGU,228.0,985,537,200,629,333,906,1066,894,1717,1294,-0.0495,0.049699999999999994,-0.0557,-0.624,-1.182,0.07999999999999999,-0.14500000000000002,-0.0958,0.9179999999999999,-0.11199999999999999,1.5210000000000001,-0.041999999999999996
1,HGGU,247.0,1004,1059,1037,1170,1286,958,810,1028,1176,882,-0.0495,0.049699999999999994,-0.0557,-0.624,-1.182,0.07999999999999999,-0.151,-0.0953,0.9184,0.063,1.429,-0.09500000000000001
1,HGGU,266.0,318,302,1159,1220,596,1087,350,406,1218,1622,-0.0495,0.049699999999999994,-0.0557,-0.624,-1.182,0.07999999999999999,-0.1511,-0.095,0.9220999999999999,0.132,1.5130000000000001,-0.026999999999999996
1,HGGU,285.0,259,1183,744,455,682,537,637,1465,899,828,-0.0495,0.049699999999999994,-0.0557,-0.624,-1.182,0.07999999999999999,-0.1485,-0.0986,0.9185,0.0020000000000000018,1.4749999999999999,-0.034
1,HGGU,304.0,454,812,751,1058,743,1703,1056,1376,1434,1356,-0.0495,0.049699999999999994,-0.0557,-0.624,-1.182,0.07999999999999999,-0.1486,-0.09570000000000001,0.9174,0.10199999999999998,1.4440000000000002,-0.103
1,HGGU,323.0,680,670,1027,1195,597,1242,1555,994,763,1145,-0.0495,0.049699999999999994,-0.0557,-0.624,-1.182,0.07999999999999999,-0.1485,-0.09840000000000002,0.9198999999999999,-0.486,1.383,-0.049
1,HGGU,342.0,407,594,1089,1235,720,1127,1157,376,345,1545,-0.0495,0.049699999999999994,-0.0557,-0.624,-1.182,0.07999999999999999,-0.1483,-0.09809999999999999,0.9188999999999999,-0.097,1.4749999999999999,0.018999999999999996
1,HGGU,361.0,217,322,909,599,207,1231,969,566,1078,1279,-0.0495,0.049699999999999994,-0.0557,-0.624,-1.182,0.07999999999999999,-0.1462,-0.10019999999999998,0.9206,-0.173,1.5280000000000002,0.103
1,HGGU,380.0,989,780,272,404,762,1423,1151,417,1068,1266,-0.0495,0.049699999999999994,-0.0557,-0.624,-1.182,0.07999999999999999,-0.1467,-0.10069999999999998,0.9199999999999999,0.0020000000000000018,1.559,0.088
1,HGGU,399.0,540,930,822,877,889,908,1622,1502,354,828,-0.0495,0.049699999999999994,-0.0557,-0.624,-1.182,0.07999999999999999,-0.15,-0.09740000000000001,0.9173,0.201,1.498,0.049999999999999996
1,HGGU,418.0,246,1005,675,494,348,1527,1109,1390,425,403,-0.0495,0.049699999999999994,-0.0557,-0.624,-1.182,0.07999999999999999,-0.1477,-0.1018,0.9199999999999999,0.063,1.4520000000000002,-0.049
1,HGGU,437.0,498,1162,1272,1101,304,859,1733,1188,1435,525,-0.0495,0.049699999999999994,-0.0557,-0.624,-1.182,0.07999999999999999,-0.1504,-0.1011,0.9200999999999999,0.10899999999999999,1.4669999999999999,-0.011000000000000003
1,HGGU,456.0,572,690,449,1129,491,1148,492,433,538,422,-0.0495,0.049699999999999994,-0.0557,-0.624,-1.182,0.07999999999999999,-0.1506,-0.1,0.9157,0.285,1.5360000000000003,0.003999999999999997
1,HGGU,475.0,675,397,1156,557,485,775,1693,1628,649,1497,-0.0495,0.049699999999999994,-0.0557,-0.624,-1.182,0.07999999999999999,-0.151,-0.0985,0.9170999999999999,0.24700000000000005,1.4440000000000002,0.041999999999999996
1,HGGU,494.0,1049,798,644,706,448,1622,673,714,1517,792,-0.0495,0.049699999999999994,-0.0557,-0.624,-1.182,0.07999999999999999,-0.1477,-0.0968,0.9188999999999999,0.285,1.4749999999999999,0.056999999999999995
1,HGGU,513.0,239,1021,225,917,504,1589,807,725,754,656,-0.0495,0.049699999999999994,-0.0557,-0.624,-1.182,0.07999999999999999,-0.1489,-0.1011,0.9236,0.14,1.4749999999999999,0.119
1,HGGU,532.0,623,288,760,649,1115,884,1674,1570,982,501,-0.0495,0.049699999999999994,-0.0557,-0.624,-1.182,0.07999999999999999,-0.1519,-0.0973,0.9161999999999999,0.24700000000000005,1.5050000000000001,0.041999999999999996
1,HGGU,551.0,1044,886,1187,253,1000,1706,1455,417,721,1400,-0.0495,0.049699999999999994,-0.0557,-0.624,-1.182,0.07999999999999999,-0.1504,-0.0968,0.9158,-0.166,1.36,-0.07200000000000001
1,HGGU,570.0,1018,1016,565,857,696,421,1160,1468,1563,631,-0.0495,0.049699999999999994,-0.0557,-0.624,-1.182,0.07999999999999999,-0.1486,-0.09509999999999999,0.9178,-0.402,1.307,-0.041999999999999996
1,HGGU,589.0,842,673,444,506,866,1197,593,981,779,817,-0.0495,0.049699999999999994,-0.0557,-0.624,-1.182,0.07999999999999999,-0.1512,-0.1023,0.9229999999999999,-0.44,1.307,0.026999999999999996
1,HGGU,608.0,620,1180,957,948,673,1094,1378,371,1034,463,-0.0495,0.049699999999999994,-0.0557,-0.624,-1.182,0.07999999999999999,-0.1485,-0.1006,0.9177,-0.07399999999999998,1.292,0.111
1,HGGU,627.0,884,1167,995,1091,734,1772,553,1503,440,562,-0.0495,0.049699999999999994,-0.0557,-0.624,-1.182,0.07999999999999999,-0.14629999999999999,-0.098,0.9164,-0.20400000000000001,1.2690000000000001,0.103
1,HGGU,646.0,639,745,786,256,533,1439,1509,663,1353,662,-0.0495,0.049699999999999994,-0.0557,-0.624,-1.182,0.07999999999999999,-0.14379999999999998,-0.09920000000000001,0.9155,-0.326,1.307,0.073
1,HGGU,665.0,1101,903,411,850,1018,509,1334,937,1147,366,-0.0495,0.049699999999999994,-0.0557,-0.624,-1.182,0.07999999999999999,-0.1467,-0.10119999999999998,0.9170999999999999,-0.02100000000000002,1.414,0.088
1,HGGU,684.0,833,364,326,919,1154,784,1270,1329,345,1239,-0.0495,0.049699999999999994,-0.0557,-0.624,-1.182,0.07999999999999999,-0.14550000000000002,-0.10019999999999998,0.9155,0.14700000000000002,1.2530000000000001,0.026999999999999996
1,HGGU,703.0,691,241,1244,389,1001,1708,964,1556,1010,1580,-0.0495,0.049699999999999994,-0.0557,-0.624,-1.182,0.07999999999999999,-0.1464,-0.1001,0.9138,-0.158,1.429,-0.026999999999999996
1,HGGU,722.0,358,230,580,1276,1220,1725,999,660,1697,1539,-0.0495,0.049699999999999994,-0.0557,-0.624,-1.182,0.07999999999999999,-0.1495,-0.1006,0.9168999999999999,0.010000000000000009,1.4600000000000002,0.034999999999999996
1,HGGU,741.0,1241,1224,314,218,1248,1762,612,1192,1765,325,-0.0495,0.049699999999999994,-0.0557,-0.624,-1.182,0.07999999999999999,-0.1464,-0.09720000000000001,0.9175,0.03999999999999998,1.429,-0.034
1,HGGU,760.0,578,307,291,680,433,908,634,349,1000,593,-0.0495,0.049699999999999994,-0.0557,-0.624,-1.182,0.07999999999999999,-0.14800000000000002,-0.0985,0.9217,0.04799999999999999,1.421,-0.08
1,HGGU,779.0,879,515,1172,969,821,779,1195,1375,608,944,-0.0495,0.049699999999999994,-0.0557,-0.624,-1.182,0.07999999999999999,-0.14800000000000002,-0.0955,0.9167,0.14700000000000002,1.391,-0.08800000000000001
1,HGGU,798.0,534,710,283,354,1260,1271,411,1361,1086,1390,-0.0495,0.049699999999999994,-0.0557,-0.624,-1.182,0.07999999999999999,-0.1506,-0.09509999999999999,0.9184,-0.20400000000000001,1.4600000000000002,-0.103
1,HGGU,817.0,359,1241,997,392,1277,1134,873,1089,967,879,-0.0495,0.049699999999999994,-0.0557,-0.624,-1.182,0.07999999999999999,-0.14579999999999999,-0.0991,0.9185,-0.059,1.353,-0.08
1,HGGU,836.0,439,1095,1146,429,359,1085,1205,1617,1191,1541,-0.0495,0.049699999999999994,-0.0557,-0.624,-1.182,0.07999999999999999,-0.1506,-0.0988,0.9159999999999999,-0.12,1.2690000000000001,-0.011000000000000003
1,HGGU,855.0,1260,915,246,964,507,1539,1614,1179,685,1567,-0.0495,0.049699999999999994,-0.0557,-0.624,-1.182,0.07999999999999999,-0.1477,-0.0938,0.9167,-0.013000000000000012,1.345,0.07999999999999999
1,HGGU,874.0,616,796,1063,436,1265,437,366,1279,328,314,-0.0495,0.049699999999999994,-0.0557,-0.624,-1.182,0.07999999999999999,-0.1493,-0.10019999999999998,0.9163,-0.12,1.49,0.187
1,HGGU,893.0,249,1016,758,1082,245,321,821,1646,684,510,-0.0495,0.049699999999999994,-0.0557,-0.624,-1.182,0.07999999999999999,-0.1486,-0.10139999999999999,0.9178,0.315,1.414,0.149
1,HGGU,912.0,841,1161,972,804,748,1059,1339,1763,1379,774,-0.0495,0.049699999999999994,-0.0557,-0.624,-1.182,0.07999999999999999,-0.151,-0.09939999999999999,0.9149999999999999,0.10199999999999998,1.482,0.157
1,HGGU,931.0,457,873,435,706,1043,1075,1664,901,644,1029,-0.0495,0.049699999999999994,-0.0557,-0.624,-1.182,0.07999999999999999,-0.14750000000000002,-0.0975,0.9194,0.186,1.5210000000000001,0.011999999999999997
1,HGGU,950.0,928,847,760,454,517,320,557,1279,1781,718,-0.0495,0.049699999999999994,-0.0557,-0.624,-1.182,0.07999999999999999,-0.1512,-0.0953,0.9166,-0.097,1.399,-0.049
1,HGGU,969.0,398,313,1152,490,473,1642,1585,1557,827,1610,-0.0495,0.049699999999999994,-0.0557,-0.624,-1.182,0.07999999999999999,-0.1449,-0.0983,0.9167,-0.272,1.49,-0.011000000000000003
1,HGGU,988.0,278,897,1019,1267,1084,645,1207,883,745,1548,-0.0495,0.049699999999999994,-0.0557,-0.624,-1.182,0.07999999999999999,-0.1473,-0.1011,0.9173,0.025000000000000022,1.391,-0.133
1,HGGU,1007.0,1209,886,914,358,513,1626,1443,335,1018,1216,-0.0495,0.049699999999999994,-0.0557,-0.624,-1.182,0.07999999999999999,-0.1482,-0.09809999999999999,0.9178999999999999,0.07900000000000001,1.421,0.011999999999999997
1,HGGU,1026.0,456,1246,965,528,479,343,917,1796,1361,850,-0.0495,0.049699999999999994,-0.0557,-0.624,-1.182,0.07999999999999999,-0.1488,-0.101,0.9185,-0.143,1.353,-0.011000000000000003
1,HGGU,1045.0,622,906,337,1174,583,1360,851,824,1276,1367,-0.0495,0.049699999999999994,-0.0557,-0.624,-1.182,0.07999999999999999,-0.14679999999999999,-0.1013,0.9204,0.07100000000000001,1.36,-0.011000000000000003
1,HGGU,1064.0,519,411,851,1007,1084,1634,986,891,1234,1112,-0.0495,0.049699999999999994,-0.0557,-0.624,-1.182,0.07999999999999999,-0.1456,-0.0995,0.9195,0.16299999999999998,1.368,0.07999999999999999
1,HGGU,1083.0,682,633,865,1206,1036,1699,1792,564,990,857,-0.0495,0.049699999999999994,-0.0557,-0.624,-1.182,0.07999999999999999,-0.1466,-0.0978,0.9148999999999999,0.292,1.3760000000000001,-0.011000000000000003
1,HGGU,1102.0,743,220,922,262,511,404,1632,439,1191,958,-0.0495,0.049699999999999994,-0.0557,-0.624,-1.182,0.07999999999999999,-0.1495,-0.0968,0.9171999999999999,0.16999999999999998,1.276,-0.05700000000000001
1,HGGU,1121.0,1135,351,1171,576,280,801,1287,1447,839,506,-0.0495,0.049699999999999994,-0.0557,-0.624,-1.182,0.07999999999999999,-0.1462,-0.09690000000000001,0.9158,-0.158,1.322,-0.034
1,HGGU,1140.0,1174,1009,1041,490,1084,807,423,1157,1508,1410,-0.0495,0.049699999999999994,-0.0557,-0.624,-1.182,0.07999999999999999,-0.1482,-0.09889999999999999,0.9194,-0.425,1.238,-0.14100000000000001
1,HGGU,1159.0,551,1024,965,574,390,627,1727,1675,1579,539,-0.0495,0.049699999999999994,-0.0557,-0.624,-1.182,0.07999999999999999,-0.1495,-0.10069999999999998,0.9225,-0.11199999999999999,1.17,-0.126
1,HGGU,1178.0,909,1235,949,960,1044,1495,1208,904,1631,1468,-0.0495,0.049699999999999994,-0.0557,-0.624,-1.182,0.07999999999999999,-0.1491,-0.09889999999999999,0.9158,-0.425,0.956,-0.179
1,HGGU,1197.0,1142,464,313,1284,728,926,1662,1249,1011,1562,-0.0495,0.049699999999999994,-0.0557,-0.624,-1.182,0.07999999999999999,-0.1466,-0.0995,0.9177,-0.311,1.2530000000000001,-0.194
1,HGGU,1216.0,970,1036,947,800,868,586,1457,326,671,1303,-0.0495,0.049699999999999994,-0.0557,-0.624,-1.182,0.07999999999999999,-0.1473,-0.0991,0.9200999999999999,-0.04299999999999998,1.36,-0.041999999999999996
1,HGGU,1235.0,581,280,520,1252,209,626,1432,582,1388,491,-0.0495,0.049699999999999994,-0.0557,-0.624,-1.182,0.07999999999999999,-0.1495,-0.1033,0.9159999999999999,0.0020000000000000018,1.49,0.119
1,HGGU,1254.0,1238,488,517,1025,1012,1646,1596,326,1528,1772,-0.0495,0.049699999999999994,-0.0557,-0.624,-1.182,0.07999999999999999,-0.1489,-0.10349999999999998,0.9185,0.23900000000000005,1.6119999999999999,0.119
1,HGGU,1273.0,802,1099,962,475,583,985,430,1169,1486,653,-0.0495,0.049699999999999994,-0.0557,-0.624,-1.182,0.07999999999999999,-0.1484,-0.09690000000000001,0.9208,0.34600000000000003,1.49,0.088
1,HGGU,1292.0,386,1219,1070,642,205,1740,1351,1762,1209,309,-0.0495,0.049699999999999994,-0.0557,-0.624,-1.182,0.07999999999999999,-0.1485,-0.0988,0.9174,-0.013000000000000012,1.337,-0.034
1,HGGU,1311.0,1218,410,219,508,920,584,984,1799,300,1439,-0.0495,0.049699999999999994,-0.0557,-0.624,-1.182,0.07999999999999999,-0.1482,-0.0952,0.9186,-0.04299999999999998,1.2690000000000001,-0.026999999999999996
1,HGGU,1330.0,738,291,262,1197,532,921,428,1561,380,1531,-0.0495,0.049699999999999994,-0.0557,-0.624,-1.182,0.07999999999999999,-0.1512,-0.0995,0.9209999999999999,-0.211,1.345,-0.019000000000000003
1,HGGU,1349.0,1006,1033,1008,271,462,492,1601,845,1200,861,-0.0495,0.049699999999999994,-0.0557,-0.624,-1.182,0.07999999999999999,-0.14600000000000002,-0.0991,0.9158,0.132,1.353,0.026999999999999996
1,HGGU,1368.0,305,313,1156,1091,661,1261,1406,642,1629,1038,-0.0495,0.049699999999999994,-0.0557,-0.624,-1.182,0.07999999999999999,-0.1456,-0.10019999999999998,0.9177,0.010000000000000009,1.284,-0.11800000000000001
1,HGGU,1387.0,287,893,600,351,979,777,403,961,947,1291,-0.0495,0.049699999999999994,-0.0557,-0.624,-1.182,0.07999999999999999,-0.1495,-0.0996,0.9158,-0.11199999999999999,1.315,-0.16399999999999998
1,HGGU,1406.0,903,333,833,923,700,1749,1676,856,528,1388,-0.0495,0.049699999999999994,-0.0557,-0.624,-1.182,0.07999999999999999,-0.1496,-0.10399999999999998,0.9211999999999999,-0.11199999999999999,1.5210000000000001,-0.065
1,HGGU,1425.0,682,1131,550,944,1074,489,1507,1700,1518,1063,-0.0495,0.049699999999999994,-0.0557,-0.624,-1.182,0.07999999999999999,-0.1482,-0.10239999999999999,0.9193,0.56,1.582,-0.065
1,HGGU,1444.0,771,237,815,568,1095,855,1084,911,1684,1330,-0.0495,0.049699999999999994,-0.0557,-0.624,-1.182,0.07999999999999999,-0.1461,-0.09659999999999999,0.9199999999999999,0.49900000000000005,1.635,0.018999999999999996
1,HGGU,1463.0,479,387,915,473,462,1284,1562,849,994,499,-0.0495,0.049699999999999994,-0.0557,-0.624,-1.182,0.07999999999999999,-0.1451,-0.09809999999999999,0.9158,0.10899999999999999,1.551,0.065
1,HGGU,1482.0,720,372,503,801,691,1487,780,796,1375,432,-0.0495,0.049699999999999994,-0.0557,-0.624,-1.182,0.07999999999999999,-0.1456,-0.099,0.9198999999999999,0.49100000000000005,1.6809999999999998,-0.041999999999999996
1,HGGU,1501.0,976,250,569,730,658,1570,1295,1719,1062,1463,-0.0495,0.049699999999999994,-0.0557,-0.624,-1.182,0.07999999999999999,-0.1478,-0.098,0.9188,0.23900000000000005,1.5890000000000002,0.018999999999999996
1,HGGU,1520.0,244,592,980,1217,269,1621,803,1736,721,1576,-0.0495,0.049699999999999994,-0.0557,-0.624,-1.182,0.07999999999999999,-0.1474,-0.09490000000000001,0.9178,-0.035999999999999976,1.4440000000000002,-0.08800000000000001
1,HGGU,1539.0,1276,524,548,689,651,1404,832,708,378,1148,-0.0495,0.049699999999999994,-0.0557,-0.624,-1.182,0.07999999999999999,-0.1469,-0.0958,0.9198999999999999,-0.303,1.6119999999999999,-0.065
1,HGGU,1558.0,909,218,1260,823,580,565,1271,516,321,1572,-0.0495,0.049699999999999994,-0.0557,-0.624,-1.182,0.07999999999999999,-0.1489,-0.10339999999999999,0.9207,-0.02799999999999997,1.5280000000000002,0.034999999999999996
1,HGGU,1577.0,341,682,1010,1211,1290,1632,536,1235,588,1479,-0.0495,0.049699999999999994,-0.0557,-0.624,-1.182,0.07999999999999999,-0.1472,-0.10019999999999998,0.9211999999999999,0.338,1.6500000000000001,0.07999999999999999
1,HGGU,1596.0,425,665,380,480,816,469,856,446,1079,1088,-0.0495,0.049699999999999994,-0.0557,-0.624,-1.182,0.07999999999999999,-0.1505,-0.09989999999999999,0.9220999999999999,0.338,1.437,0.041999999999999996
1,HGGU,1615.0,662,863,368,949,367,989,1584,721,940,530,-0.0495,0.049699999999999994,-0.0557,-0.624,-1.182,0.07999999999999999,-0.1518,-0.0986,0.9210999999999999,0.193,1.353,0.195
1,HGGU,1634.0,713,1133,719,948,1140,640,1607,749,1040,1077,-0.0495,0.049699999999999994,-0.0557,-0.624,-1.182,0.07999999999999999,-0.1508,-0.09709999999999999,0.9185,0.16299999999999998,1.284,0.203
1,HGGU,1653.0,1177,319,677,589,1288,1582,833,1685,1693,406,-0.0495,0.049699999999999994,-0.0557,-0.624,-1.182,0.07999999999999999,-0.149,-0.09939999999999999,0.9195,-0.158,1.284,0.126
1,HGGU,1672.0,613,400,1269,257,721,1020,1391,1243,997,1321,-0.0495,0.049699999999999994,-0.0557,-0.624,-1.182,0.07999999999999999,-0.1488,-0.09790000000000001,0.9184,0.308,1.414,0.149
1,HGGU,1691.0,706,511,946,771,444,638,653,1134,1062,1365,-0.0495,0.049699999999999994,-0.0557,-0.624,-1.182,0.07999999999999999,-0.1486,-0.098,0.9213,0.308,1.4440000000000002,0.195
1,HGGU,1710.0,1185,1099,1111,323,1246,1612,411,969,790,1310,-0.0495,0.049699999999999994,-0.0557,-0.624,-1.182,0.07999999999999999,-0.1471,-0.09609999999999999,0.9167,0.08600000000000002,1.643,0.187
1,HGGU,1729.0,1002,1119,689,1183,399,1370,1764,1111,1729,375,-0.0495,0.049699999999999994,-0.0557,-0.624,-1.182,0.07999999999999999,-0.1488,-0.1001,0.9188999999999999,0.04799999999999999,1.711,0.049999999999999996
1,HGGU,1748.0,920,677,821,1232,594,1053,852,703,923,1043,-0.0495,0.049699999999999994,-0.0557,-0.624,-1.182,0.07999999999999999,-0.1472,-0.101,0.9201999999999999,0.23900000000000005,1.7950000000000002,0.126
1,HGGU,1767.0,438,645,224,1295,824,1420,1281,1746,1070,842,-0.0495,0.049699999999999994,-0.0557,-0.624,-1.182,0.07999999999999999,-0.1478,-0.0995,0.9146,0.03999999999999998,1.4669999999999999,0.056999999999999995
1,HGGU,1786.0,1222,810,699,1242,255,1327,1588,1789,1719,1278,-0.0495,0.049699999999999994,-0.0557,-0.624,-1.182,0.07999999999999999,-0.1477,-0.1008,0.9171999999999999,0.14700000000000002,1.5439999999999998,-0.08
1,HGGU,1805.0,494,902,464,700,526,1092,1706,1573,1771,1733,-0.0495,0.049699999999999994,-0.0557,-0.624,-1.182,0.07999999999999999,-0.1466,-0.1016,0.9188,0.03300000000000003,1.383,-0.05700000000000001
1,HGGU,1824.0,1202,1014,819,1106,639,1149,1197,1142,1740,874,-0.0495,0.049699999999999994,-0.0557,-0.624,-1.182,0.07999999999999999,-0.1469,-0.099,0.9194,0.025000000000000022,1.353,-0.041999999999999996
1,HGGU,1843.0,1147,1126,1209,396,674,1482,889,1742,1554,1158,-0.0495,0.049699999999999994,-0.0557,-0.624,-1.182,0.07999999999999999,-0.1456,-0.09840000000000002,0.9186,0.16999999999999998,1.368,-0.07200000000000001
1,HGGU,1862.0,548,1186,1264,455,420,1743,1680,1595,373,1433,-0.0495,0.049699999999999994,-0.0557,-0.624,-1.182,0.07999999999999999,-0.1456,-0.09770000000000001,0.9198999999999999,0.11699999999999999,1.4600000000000002,-0.041999999999999996
1,HGGU,1881.0,1054,1001,934,1178,1210,674,826,1738,1004,577,-0.0495,0.049699999999999994,-0.0557,-0.624,-1.182,0.07999999999999999,-0.1471,-0.0968,0.9155,0.308,1.4520000000000002,0.034999999999999996
1,HGGU,1900.0,819,1239,1023,468,603,450,436,1311,746,1016,-0.0495,0.049699999999999994,-0.0557,-0.624,-1.182,0.07999999999999999,-0.14679999999999999,-0.09670000000000001,0.9215,0.24700000000000005,1.5890000000000002,-0.0040000000000000036
1,HGGU,1919.0,830,310,843,296,741,1514,922,1799,764,642,-0.0495,0.049699999999999994,-0.0557,-0.624,-1.182,0.07999999999999999,-0.1474,-0.09670000000000001,0.9218,0.22400000000000003,1.498,-0.08800000000000001
1,HGGU,1938.0,1290,243,500,940,403,374,1187,975,1330,1039,-0.0495,0.049699999999999994,-0.0557,-0.624,-1.182,0.07999999999999999,-0.1496,-0.09490000000000001,0.9168999999999999,0.193,1.5280000000000002,-0.21000000000000002
1,HGGU,1957.0,1046,216,251,883,398,1048,1244,748,353,904,-0.0495,0.049699999999999994,-0.0557,-0.624,-1.182,0.07999999999999999,-0.1491,-0.0952,0.9177,0.063,1.5360000000000003,-0.23300000000000004
1,HGGU,1976.0,740,761,938,772,1268,1328,1493,636,933,494,-0.0495,0.049699999999999994,-0.0557,-0.624,-1.182,0.07999999999999999,-0.1486,-0.09939999999999999,0.9199999999999999,-0.257,1.4669999999999999,-0.15600000000000003
1,HGGU,1995.0,359,494,430,1011,527,949,843,927,1139,427,-0.0495,0.049699999999999994,-0.0557,-0.624,-1.182,0.07999999999999999,-0.154,-0.10300000000000001,0.9168999999999999,0.0020000000000000018,1.574,-0.21000000000000002
1,HGGU,2014.0,490,377,1186,403,1248,1785,619,1008,630,659,-0.0495,0.049699999999999994,-0.0557,-0.624,-1.182,0.07999999999999999,-0.1501,-0.098,0.9166,0.14700000000000002,1.5439999999999998,-0.011000000000000003
1,HGGU,2033.0,986,900,983,574,1064,746,715,1044,1180,1283,-0.0495,0.049699999999999994,-0.0557,-0.624,-1.182,0.07999999999999999,-0.1499,-0.099,0.9184,0.11699999999999999,1.5280000000000002,-0.019000000000000003
1,HGGU,2052.0,588,1243,1128,880,1262,306,570,916,507,1196,-0.0495,0.049699999999999994,-0.0557,-0.624,-1.182,0.07999999999999999,-0.1505,-0.09989999999999999,0.9145,0.08600000000000002,1.5050000000000001,-0.187
1,HGGU,2071.0,1265,551,1217,523,980,414,1393,1531,886,1373,-0.0495,0.049699999999999994,-0.0557,-0.624,-1.182,0.07999999999999999,-0.1504,-0.1023,0.9218,0.08600000000000002,1.628,-0.14900000000000002
1,HGGU,2090.0,1144,1186,909,544,203,1629,703,1546,1782,655,-0.0495,0.049699999999999994,-0.0557,-0.624,-1.182,0.07999999999999999,-0.1511,-0.10449999999999998,0.9195,0.38399999999999995,1.6199999999999999,-0.11
1,HGGU,2109.0,1271,232,1175,857,1275,949,1556,401,1098,493,-0.0495,0.049699999999999994,-0.0557,-0.624,-1.182,0.07999999999999999,-0.1495,-0.0975,0.9210999999999999,0.514,1.582,-0.11
1,HGGU,2128.0,275,227,981,870,950,839,470,662,1769,1503,-0.0495,0.049699999999999994,-0.0557,-0.624,-1.182,0.07999999999999999,-0.1484,-0.0968,0.9153,0.285,1.6809999999999998,-0.202
1,HGGU,2147.0,608,1227,236,909,684,1029,1088,1063,1499,813,-0.0495,0.049699999999999994,-0.0557,-0.624,-1.182,0.07999999999999999,-0.1473,-0.0988,0.9183,0.055999999999999994,1.719,-0.187
1,HGGU,2166.0,1192,498,1220,908,559,669,1129,1257,653,1360,-0.0495,0.049699999999999994,-0.0557,-0.624,-1.182,0.07999999999999999,-0.1488,-0.0988,0.9218999999999999,0.186,1.719,-0.179
1,HGGU,2185.0,1095,439,626,776,1070,427,1013,630,1514,1069,-0.0495,0.049699999999999994,-0.0557,-0.624,-1.182,0.07999999999999999,-0.1494,-0.098,0.9173,0.26899999999999996,1.773,-0.23300000000000004
1,HGGU,2204.0,890,1233,212,385,635,1342,1785,1130,905,469,-0.0495,0.049699999999999994,-0.0557,-0.624,-1.182,0.07999999999999999,-0.1512,-0.0938,0.9175,0.453,1.841,-0.15600000000000003
1,HGGU,2223.0,807,969,385,1259,225,424,847,1163,759,1550,-0.0495,0.049699999999999994,-0.0557,-0.624,-1.182,0.07999999999999999,-0.14800000000000002,-0.0975,0.9198999999999999,0.285,1.7950000000000002,-0.172
1,HGGU,2242.0,1232,285,888,492,497,776,1718,1493,673,1320,-0.0495,0.049699999999999994,-0.0557,-0.624,-1.182,0.07999999999999999,-0.1483,-0.0973,0.9183,0.338,1.8179999999999998,-0.0040000000000000036
1,HGGU,2261.0,562,637,274,607,1221,1235,559,1120,1473,791,-0.0495,0.049699999999999994,-0.0557,-0.624,-1.182,0.07999999999999999,-0.1477,-0.09490000000000001,0.9166,0.178,1.8179999999999998,-0.133
1,HGGU,2280.0,248,637,202,681,1003,1292,982,527,382,339,-0.0495,0.049699999999999994,-0.0557,-0.624,-1.182,0.07999999999999999,-0.1536,-0.09659999999999999,0.9186,0.186,1.711,-0.11800000000000001
1,HGGU,2299.0,1082,1027,511,290,632,1480,355,418,1722,852,-0.0495,0.049699999999999994,-0.0557,-0.624,-1.182,0.07999999999999999,-0.1494,-0.0991,0.9159999999999999,0.025000000000000022,1.6119999999999999,-0.278
1,HGGU,2318.0,635,653,573,266,943,1081,1207,822,364,549,-0.0495,0.049699999999999994,-0.0557,-0.624,-1.182,0.07999999999999999,-0.1504,-0.09790000000000001,0.9175,0.018000000000000016,1.8259999999999998,-0.14900000000000002
1,HGGU,2337.0,737,682,729,1170,1142,984,1421,441,601,892,-0.0495,0.049699999999999994,-0.0557,-0.624,-1.182,0.07999999999999999,-0.1462,-0.096,0.9184,0.48300000000000004,1.9480000000000002,-0.07200000000000001
1,HGGU,2356.0,514,972,1056,285,653,1363,1659,1427,1553,999,-0.0495,0.049699999999999994,-0.0557,-0.624,-1.182,0.07999999999999999,-0.1484,-0.09920000000000001,0.9189999999999999,0.34600000000000003,1.864,-0.026999999999999996
1,HGGU,2375.0,961,557,475,458,921,1264,1295,1565,672,904,-0.0495,0.049699999999999994,-0.0557,-0.624,-1.182,0.07999999999999999,-0.1519,-0.09509999999999999,0.9133,0.35300000000000004,1.941,-0.202
1,HGGU,2394.0,396,243,742,789,412,1211,786,858,1094,852,-0.0495,0.049699999999999994,-0.0557,-0.624,-1.182,0.07999999999999999,-0.1523,-0.0983,0.9160999999999999,0.09400000000000003,1.6199999999999999,-0.263
1,HGGU,2413.0,1155,206,1238,668,1215,1230,1349,1040,1476,541,-0.0495,0.049699999999999994,-0.0557,-0.624,-1.182,0.07999999999999999,-0.1508,-0.0973,0.9188,-0.166,1.5280000000000002,-0.21000000000000002
1,HGGU,2432.0,872,1222,373,253,1211,1581,693,879,1434,1243,-0.0495,0.049699999999999994,-0.0557,-0.624,-1.182,0.07999999999999999,-0.1484,-0.09889999999999999,0.9189999999999999,0.0020000000000000018,1.574,-0.15600000000000003
1,HGGU,2451.0,840,783,742,796,707,347,858,865,1005,691,-0.0495,0.049699999999999994,-0.0557,-0.624,-1.182,0.07999999999999999,-0.1501,-0.09659999999999999,0.9196,-0.066,1.4600000000000002,-0.179
1,HGGU,2470.0,988,970,701,574,903,548,714,1131,622,368,-0.0495,0.049699999999999994,-0.0557,-0.624,-1.182,0.07999999999999999,-0.1496,-0.0973,0.9177,0.03300000000000003,1.582,-0.187
1,HGGU,2489.0,258,1229,829,615,1183,1716,746,1748,1632,708,-0.0495,0.049699999999999994,-0.0557,-0.624,-1.182,0.07999999999999999,-0.1483,-0.09509999999999999,0.9208,-0.12,1.5210000000000001,-0.29400000000000004
1,HGGU,2508.0,621,1010,556,1185,1026,427,629,1137,742,436,-0.0495,0.049699999999999994,-0.0557,-0.624,-1.182,0.07999999999999999,-0.1496,-0.09720000000000001,0.9178,0.0020000000000000018,1.414,-0.309
1,HGGU,2527.0,1251,213,1265,680,1088,303,652,1277,451,1438,-0.0495,0.049699999999999994,-0.0557,-0.624,-1.182,0.07999999999999999,-0.1499,-0.09720000000000001,0.9177,-0.11199999999999999,1.429,-0.309
1,HGGU,2546.0,944,1226,1238,1250,432,951,1024,1544,762,1527,-0.0495,0.049699999999999994,-0.0557,-0.624,-1.182,0.07999999999999999,-0.1494,-0.0942,0.9158,-0.10499999999999998,1.5210000000000001,-0.393
1,HGGU,2565.0,292,947,638,1227,280,1601,418,1282,1132,520,-0.0495,0.049699999999999994,-0.0557,-0.624,-1.182,0.07999999999999999,-0.1482,-0.0983,0.9175,-0.265,1.4600000000000002,-0.339
1,HGGU,2584.0,546,555,696,760,663,410,543,960,396,499,-0.0495,0.049699999999999994,-0.0557,-0.624,-1.182,0.07999999999999999,-0.1515,-0.09889999999999999,0.9183,-0.07399999999999998,1.5360000000000003,-0.24
1,HGGU,2603.0,377,357,317,697,585,1270,697,1419,1547,713,-0.0495,0.049699999999999994,-0.0557,-0.624,-1.182,0.07999999999999999,-0.1499,-0.0996,0.9163,-0.02100000000000002,1.719,-0.11
1,HGGU,2622.0,1107,585,798,935,844,1786,373,889,974,498,-0.0495,0.049699999999999994,-0.0557,-0.624,-1.182,0.07999999999999999,-0.1512,-0.09920000000000001,0.9200999999999999,0.34600000000000003,1.5890000000000002,-0.37
1,HGGU,2641.0,688,883,557,391,550,1377,1299,1644,1623,336,-0.0495,0.049699999999999994,-0.0557,-0.624,-1.182,0.07999999999999999,-0.14679999999999999,-0.09720000000000001,0.9174,0.437,1.643,-0.36200000000000004
1,HGGU,2660.0,314,429,383,1140,382,701,652,1498,1696,586,-0.0495,0.049699999999999994,-0.0557,-0.624,-1.182,0.07999999999999999,-0.1517,-0.09659999999999999,0.9167,0.468,1.773,-0.23300000000000004
1,HGGU,2679.0,863,667,1045,758,675,1283,301,1104,823,1724,-0.0495,0.049699999999999994,-0.0557,-0.624,-1.182,0.07999999999999999,-0.153,-0.09670000000000001,0.9178999999999999,0.178,1.6199999999999999,-0.317
1,HGGU,2698.0,344,859,538,234,731,1600,1322,387,835,1445,-0.0495,0.049699999999999994,-0.0557,-0.624,-1.182,0.07999999999999999,-0.1536,-0.09709999999999999,0.9138,-0.23399999999999999,1.498,-0.309
1,HGGU,2717.0,897,1159,823,978,1272,762,1500,1089,1304,1091,-0.0495,0.049699999999999994,-0.0557,-0.624,-1.182,0.07999999999999999,-0.1515,-0.09720000000000001,0.9150999999999999,-0.22699999999999998,1.414,-0.263
1,HGGU,2736.0,603,256,933,539,984,1758,881,1019,1380,1107,-0.0495,0.049699999999999994,-0.0557,-0.624,-1.182,0.07999999999999999,-0.1502,-0.09970000000000001,0.9189999999999999,-0.143,1.1540000000000001,-0.28600000000000003
1,HGGU,2755.0,981,928,1175,222,1047,1159,845,1106,471,398,-0.0495,0.049699999999999994,-0.0557,-0.624,-1.182,0.07999999999999999,-0.1522,-0.09690000000000001,0.9179999999999999,-0.517,1.238,-0.21000000000000002
1,HGGU,2774.0,1162,704,913,1135,209,704,1495,739,1219,729,-0.0495,0.049699999999999994,-0.0557,-0.624,-1.182,0.07999999999999999,-0.1535,-0.10119999999999998,0.9208,-0.5469999999999999,1.307,-0.15600000000000003
1,HGGU,2793.0,1103,829,259,1255,764,1665,832,882,1784,572,-0.0495,0.049699999999999994,-0.0557,-0.624,-1.182,0.07999999999999999,-0.1504,-0.1006,0.9207,-0.257,1.4749999999999999,-0.14900000000000002
1,HGGU,2812.0,531,763,1073,969,656,1100,1296,661,1281,1387,-0.0495,0.049699999999999994,-0.0557,-0.624,-1.182,0.07999999999999999,-0.1485,-0.096,0.9189999999999999,-0.173,1.49,-0.256
1,HGGU,2831.0,416,773,1009,217,494,829,936,1246,1035,1207,-0.0495,0.049699999999999994,-0.0557,-0.624,-1.182,0.07999999999999999,-0.1506,-0.10069999999999998,0.9204,-0.059,1.566,-0.248
1,HGGU,2850.0,996,446,520,522,880,1750,952,1151,1501,363,-0.0495,0.049699999999999994,-0.0557,-0.624,-1.182,0.07999999999999999,-0.1495,-0.0996,0.9188,0.16299999999999998,1.704,-0.301
1,HGGU,2869.0,399,302,586,1202,1190,1601,479,1109,1572,1297,-0.0495,0.049699999999999994,-0.0557,-0.624,-1.182,0.07999999999999999,-0.1505,-0.09939999999999999,0.9197,0.03300000000000003,1.864,-0.22500000000000003
1,HGGU,2888.0,875,981,760,701,1000,1595,1779,698,1148,1518,-0.0495,0.049699999999999994,-0.0557,-0.624,-1.182,0.07999999999999999,-0.149,-0.10139999999999999,0.9216,0.10899999999999999,1.8950000000000002,-0.36200000000000004
1,HGGU,2907.0,268,1149,344,1078,910,1404,1189,1423,412,1154,-0.0495,0.049699999999999994,-0.0557,-0.624,-1.182,0.07999999999999999,-0.1518,-0.09309999999999999,0.9168999999999999,-0.08199999999999999,1.635,-0.278
1,HGGU,2926.0,1192,1087,611,1053,880,683,1591,1583,1530,1116,-0.0495,0.049699999999999994,-0.0557,-0.624,-1.182,0.07999999999999999,-0.1522,-0.09690000000000001,0.9201999999999999,-0.12,1.628,-0.24
1,HGGU,2945.0,306,857,531,994,441,1217,834,472,1632,1014,-0.0495,0.049699999999999994,-0.0557,-0.624,-1.182,0.07999999999999999,-0.1506,-0.098,0.9205,0.07100000000000001,1.5360000000000003,-0.187
1,HGGU,2964.0,884,1141,1206,648,229,1078,1211,696,1778,894,-0.0495,0.049699999999999994,-0.0557,-0.624,-1.182,0.07999999999999999,-0.1528,-0.09559999999999999,0.9213,-0.013000000000000012,1.5050000000000001,-0.21000000000000002
1,HGGU,2983.0,475,216,383,539,933,1475,1313,301,1647,971,-0.0495,0.049699999999999994,-0.0557,-0.624,-1.182,0.07999999999999999,-0.1517,-0.09790000000000001,0.9168,-0.05099999999999999,1.574,-0.11800000000000001
1,HGGU,3002.0,262,1101,794,314,747,1278,1107,1356,774,779,-0.0495,0.049699999999999994,-0.0557,-0.624,-1.182,0.07999999999999999,-0.1489,-0.09809999999999999,0.9174,0.35300000000000004,1.727,-0.026999999999999996
1,HGGU,3021.0,860,455,510,958,525,1647,803,992,796,639,-0.0495,0.049699999999999994,-0.0557,-0.624,-1.182,0.07999999999999999,-0.1485,-0.0955,0.9186,-0.11199999999999999,1.6119999999999999,-0.065
1,HGGU,3040.0,521,795,1142,778,612,1717,438,1486,1048,1073,-0.0495,0.049699999999999994,-0.0557,-0.624,-1.182,0.07999999999999999,-0.1529,-0.0978,0.9206,0.018000000000000016,1.6119999999999999,-0.08
1,HGGU,3059.0,574,295,545,665,243,1496,584,1459,624,892,-0.0495,0.049699999999999994,-0.0557,-0.624,-1.182,0.07999999999999999,-0.1497,-0.09640000000000001,0.9185,0.16999999999999998,1.582,-0.026999999999999996
1,HGGU,3078.0,1027,552,992,680,1027,1464,1373,466,1179,1496,-0.0495,0.049699999999999994,-0.0557,-0.624,-1.182,0.07999999999999999,-0.1536,-0.0942,0.9136,-0.27999999999999997,1.299,-0.07200000000000001
1,HGGU,3097.0,759,746,1236,255,835,1377,1242,529,1490,1604,-0.0495,0.049699999999999994,-0.0557,-0.624,-1.182,0.07999999999999999,-0.1522,-0.0985,0.9163,-0.425,1.177,-0.0040000000000000036
1,HGGU,3116.0,814,520,487,817,447,1095,1498,305,904,1541,-0.0495,0.049699999999999994,-0.0557,-0.624,-1.182,0.07999999999999999,-0.154,-0.10250000000000001,0.9188,0.055999999999999994,1.231,0.172
1,HGGU,3135.0,1176,683,765,989,836,563,1625,1363,649,345,-0.0495,0.049699999999999994,-0.0557,-0.624,-1.182,0.07999999999999999,-0.1528,-0.0955,0.9161999999999999,-0.097,1.139,0.271
1,HGGU,3154.0,1171,591,1163,216,416,696,1198,1539,1384,1219,-0.0495,0.049699999999999994,-0.0557,-0.624,-1.182,0.07999999999999999,-0.1552,-0.09659999999999999,0.9173,-0.433,1.147,0.294
1,HGGU,3173.0,724,319,848,211,1071,408,1561,1006,382,776,-0.0495,0.049699999999999994,-0.0557,-0.624,-1.182,0.07999999999999999,-0.1545,-0.09609999999999999,0.9167,-0.45599999999999996,1.055,0.187
1,HGGU,3192.0,731,1110,881,736,454,988,530,1508,724,716,-0.0495,0.049699999999999994,-0.0557,-0.624,-1.182,0.07999999999999999,-0.1499,-0.0942,0.9167,-0.624,0.956,0.157
1,HGGU,3211.0,247,1219,336,1142,892,844,1587,1576,1581,1279,-0.0495,0.049699999999999994,-0.0557,-0.624,-1.182,0.07999999999999999,-0.1539,-0.1021,0.9179999999999999,-0.837,0.673,0.14100000000000001
1,HGGU,3230.0,1236,542,936,790,933,619,1520,599,353,1546,-0.0495,0.049699999999999994,-0.0557,-0.624,-1.182,0.07999999999999999,-0.1479,-0.0983,0.9200999999999999,-0.715,0.7190000000000001,0.27899999999999997
1,HGGU,3249.0,685,1085,853,283,856,1070,1018,873,1211,931,-0.0495,0.049699999999999994,-0.0557,-0.624,-1.182,0.07999999999999999,-0.1499,-0.1049,0.9189999999999999,-0.685,0.7730000000000001,0.39299999999999996
1,HGGU,3268.0,642,273,857,288,364,1544,939,1573,373,1010,-0.0495,0.049699999999999994,-0.0557,-0.624,-1.182,0.07999999999999999,-0.14500000000000002,-0.1041,0.9170999999999999,-0.318,0.841,0.46199999999999997
2,HGGU,0.0,814,930,261,1214,305,505,683,737,464,944,-0.0495,0.049699999999999994,-0.0557,-0.624,-1.182,0.07999999999999999,-0.1765,-0.1335,0.9503999999999999,-14.746,10.666,-1.8739999999999999
2,HGGU,19.0,542,1166,540,706,350,1468,433,313,1004,1450,-0.0495,0.049699999999999994,-0.0557,-0.624,-1.182,0.07999999999999999,-0.1903,-0.11479999999999999,0.9746999999999999,-13.105,15.147,-6.965000000000001
2,HGGU,38.0,808,690,888,665,657,545,749,1006,1338,822,-0.0495,0.049699999999999994,-0.0557,-0.624,-1.182,0.07999999999999999,-0.2166,-0.0706,0.9353999999999999,-12.234,17.253,-4.851
2,HGGU,57.0,601,1184,625,1287,388,1442,848,1461,1015,1326,-0.0495,0.049699999999999994,-0.0557,-0.624,-1.182,0.07999999999999999,-0.2223,-0.0612,1.0254999999999999,-20.181,15.292,-2.2479999999999998
2,HGGU,76.0,1246,1235,1122,473,849,714,1154,1759,1717,1067,-0.0495,0.049699999999999994,-0.0557,-0.624,-1.182,0.07999999999999999,-0.228,-0.08199999999999999,0.9929999999999999,-22.219,12.589,0.989
2,HGGU,95.0,259,601,862,455,916,410,1104,1240,1504,784,-0.0495,0.049699999999999994,-0.0557,-0.624,-1.182,0.07999999999999999,-0.2612,-0.09090000000000001,1.0594,-21.555,9.086,1.3860000000000001
2,HGGU,114.0,567,966,1136,471,1153,1543,1657,635,1097,1402,-0.0495,0.049699999999999994,-0.0557,-0.624,-1.182,0.07999999999999999,-0.2848,-0.1132,1.1026,-23.792,-2.3419999999999996,1.4160000000000001
2,HGGU,133.0,384,986,662,798,1057,1645,1382,1049,877,498,-0.0495,0.049699999999999994,-0.0557,-0.624,-1.182,0.07999999999999999,-0.3026,-0.19419999999999998,1.1729,-23.494,-18.395,0.157
2,HGGU,152.0,957,426,867,1085,733,745,1591,1341,931,1535,-0.0495,0.049699999999999994,-0.0557,-0.624,-1.182,0.07999999999999999,-0.276,-0.1893,1.1683,-8.584999999999999,-33.411,-0.24
2,HGGU,171.0,371,461,388,633,1054,907,885,1091,994,1446,-0.0495,0.049699999999999994,-0.0557,-0.624,-1.182,0.07999999999999999,-0.2524,-0.1736,1.1423999999999999,-6.364,-43.540000000000006,-0.943
2,HGGU,190.0,682,423,605,793,1015,1052,1314,1324,1477,1460,-0.0495,0.049699999999999994,-0.0557,-0.624,-1.182,0.07999999999999999,-0.2241,-0.1875,1.1341999999999999,-1.021,-49.434000000000005,-1.546
2,HGGU,209.0,967,672,691,691,399,1735,756,1534,326,931,-0.0495,0.049699999999999994,-0.0557,-0.624,-1.182,0.07999999999999999,-0.2077,-0.1621,1.1214,6.4990000000000006,-52.937000000000005,-1.561
2,HGGU,228.0,1174,742,480,543,520,1300,796,1348,1286,898,-0.0495,0.049699999999999994,-0.0557,-0.624,-1.182,0.07999999999999999,-0.1851,-0.1177,1.093,7.140000000000001,-55.456,-2.0949999999999998
2,HGGU,247.0,463,375,403,332,550,1444,1129,1709,1663,1483,-0.0495,0.049699999999999994,-0.0557,-0.624,-1.182,0.07999999999999999,-0.1689,-0.08510000000000001,1.0748,2.0860000000000003,-57.914,-2.7439999999999998
2,HGGU,266.0,1091,203,583,248,597,480,1080,769,789,1280,-0.0495,0.049699999999999994,-0.0557,-0.624,-1.182,0.07999999999999999,-0.1665,-0.0801,1.0665,-5.753,-60.456,-3.08
2,HGGU,285.0,1117,790,574,711,646,1695,1209,1070,1530,799,-0.0495,0.049699999999999994,-0.0557,-0.624,-1.182,0.07999999999999999,-0.1552,-0.093,1.0536999999999999,-11.326,-63.518,-2.759
2,HGGU,304.0,645,265,575,647,1043,1716,1074,1192,855,563,-0.0495,0.049699999999999994,-0.0557,-0.624,-1.182,0.07999999999999999,-0.132,-0.11399999999999999,1.0291,-14.127,-66.166,-2.294
2,HGGU,323.0,1042,1018,1234,890,237,1331,1169,641,385,324,-0.0495,0.049699999999999994,-0.0557,-0.624,-1.182,0.07999999999999999,-0.1063,-0.1296,1.0090999999999999,-15.608,-68.418,-1.714
2,HGGU,342.0,306,268,1237,854,675,787,865,1404,1630,1742,-0.0495,0.049699999999999994,-0.0557,-0.624,-1.182,0.07999999999999999,-0.0797,-0.1419,0.9857,-13.074,-69.548,-1.011
2,HGGU,361.0,838,241,951,961,1275,965,654,1164,519,1197,-0.0495,0.049699999999999994,-0.0557,-0.624,-1.182,0.07999999999999999,-0.059,-0.1563,0.9714999999999999,-10.105,-69.70100000000001,-0.462
2,HGGU,380.0,456,396,691,887,1114,1339,530,1381,1553,1453,-0.0495,0.049699999999999994,-0.0557,-0.624,-1.182,0.07999999999999999,-0.0557,-0.16799999999999998,0.9655999999999999,-6.272,-69.754,0.16399999999999998
2,HGGU,399.0,324,422,958,220,253,1553,451,1369,748,1081,-0.0495,0.049699999999999994,-0.0557,-0.624,-1.182,0.07999999999999999,-0.0479,-0.1813,0.9723999999999999,2.544,-72.434,2.332
2,HGGU,418.0,512,834,309,660,985,1773,473,1778,1529,1177,-0.0495,0.049699999999999994,-0.0557,-0.624,-1.182,0.07999999999999999,-0.0185,-0.1716,0.9173,7.856999999999999,-74.663,4.3629999999999995
2,HGGU,437.0,1100,807,966,823,433,420,796,452,303,1766,-0.0495,0.049699999999999994,-0.0557,-0.624,-1.182,0.07999999999999999,0.0011000000000000003,-0.1553,0.9085,7.178,-75.571,3.18
2,HGGU,456.0,1272,1042,1239,439,1108,316,917,1213,1504,426,-0.0495,0.049699999999999994,-0.0557,-0.624,-1.182,0.07999999999999999,0.0196,-0.1382,0.8939999999999999,-3.8979999999999997,-77.128,-0.034
2,HGGU,475.0,1162,722,817,320,1153,751,1509,1166,1532,1238,-0.0495,0.049699999999999994,-0.0557,-0.624,-1.182,0.07999999999999999,0.031,-0.1711,0.9066,-5.593,-76.724,-0.16399999999999998
2,HGGU,494.0,991,1235,500,365,895,613,662,1339,709,755,-0.0495,0.049699999999999994,-0.0557,-0.624,-1.182,0.07999999999999999,0.0479,-0.15889999999999999,0.8795999999999999,-2.509,-75.36500000000001,0.859
2,HGGU,513.0,205,594,602,1121,667,1260,1355,583,1254,377,-0.0495,0.049699999999999994,-0.0557,-0.624,-1.182,0.07999999999999999,0.05790000000000001,-0.1677,0.8858999999999999,-0.9670000000000001,-75.372,2.203
2,HGGU,532.0,423,652,206,508,336,1796,1061,1209,1543,1387,-0.0495,0.049699999999999994,-0.0557,-0.624,-1.182,0.07999999999999999,0.07680000000000001,-0.1581,0.8509,-0.883,-75.85300000000001,2.126
2,HGGU,551.0,1171,359,608,1245,569,355,704,976,684,613,-0.0495,0.049699999999999994,-0.0557,-0.624,-1.182,0.07999999999999999,0.0876,-0.161,0.8433999999999999,-6.859999999999999,-76.105,0.9580000000000001
2,HGGU,570.0,1003,607,1061,904,1207,580,992,1072,497,1048,-0.0495,0.049699999999999994,-0.0557,-0.624,-1.182,0.07999999999999999,0.0943,-0.1655,0.8536999999999999,-6.555,-75.71600000000001,0.049999999999999996
2,HGGU,589.0,891,660,864,1233,820,1244,334,441,1496,449,-0.0495,0.049699999999999994,-0.0557,-0.624,-1.182,0.07999999999999999,0.1084,-0.1415,0.851,-5.5169999999999995,-75.83,0.27899999999999997
2,HGGU,608.0,830,398,949,1287,1001,1528,331,1273,465,1762,-0.0495,0.049699999999999994,-0.0557,-0.624,-1.182,0.07999999999999999,0.1597,-0.1194,0.8261999999999999,-14.937,-76.907,0.928
2,HGGU,627.0,356,955,1058,521,271,973,465,488,1025,1271,-0.0495,0.049699999999999994,-0.0557,-0.624,-1.182,0.07999999999999999,0.2189,-0.1567,0.7767,-22.112,-73.235,2.2560000000000002
2,HGGU,646.0,952,923,266,465,1096,1617,631,928,1401,777,-0.0495,0.049699999999999994,-0.0557,-0.624,-1.182,0.07999999999999999,0.2359,-0.1815,0.7618999999999999,-23.486,-69.85300000000001,2.172
2,HGGU,665.0,211,739,539,682,1045,1660,792,624,364,1252,-0.0495,0.049699999999999994,-0.0557,-0.624,-1.182,0.07999999999999999,0.2784,-0.2069,0.7238,-18.944,-64.601,1.592
2,HGGU,684.0,694,968,666,1278,603,1037,1414,840,456,1013,-0.0495,0.049699999999999994,-0.0557,-0.624,-1.182,0.07999999999999999,0.3114,-0.23629999999999998,0.7139,-16.547,-55.701,-1.5839999999999999
2,HGGU,703.0,418,737,975,748,395,1001,1793,1379,1594,639,-0.0495,0.049699999999999994,-0.0557,-0.624,-1.182,0.07999999999999999,0.3247,-0.2286,0.7021999999999999,-15.509,-54.021,-2.042
2,HGGU,722.0,996,1100,1010,751,667,522,1770,1440,1010,1092,-0.0495,0.049699999999999994,-0.0557,-0.624,-1.182,0.07999999999999999,0.342,-0.2401,0.6867,-14.943999999999999,-51.99100000000001,-2.408
2,HGGU,741.0,1064,1150,387,990,870,535,1521,678,577,1730,-0.0495,0.049699999999999994,-0.0557,-0.624,-1.182,0.07999999999999999,0.3625,-0.2504,0.6778,-11.685,-49.258,-2.66
2,HGGU,760.0,285,952,410,1267,427,1550,1486,447,545,836,-0.0495,0.049699999999999994,-0.0557,-0.624,-1.182,0.07999999999999999,0.4204,-0.21159999999999998,0.6195999999999999,-9.288,-36.411,-1.6139999999999999
2,HGGU,779.0,427,1037,918,934,549,1026,1508,594,921,1300,-0.0495,0.049699999999999994,-0.0557,-0.624,-1.182,0.07999999999999999,0.4267,-0.23679999999999998,0.6266999999999999,-10.822,-32.479,-1.347
2,HGGU,798.0,743,704,1089,1012,1079,1435,693,1226,1094,1681,-0.0495,0.049699999999999994,-0.0557,-0.624,-1.182,0.07999999999999999,0.4399,-0.2361,0.6119,-4.83,-27.762,-0.958
2,HGGU,817.0,763,320,1141,957,340,1268,440,397,1096,1621,-0.0495,0.049699999999999994,-0.0557,-0.624,-1.182,0.07999999999999999,0.4578,-0.2152,0.5965999999999999,-4.387,-17.96,-0.16399999999999998
2,HGGU,836.0,895,598,437,1151,1252,1719,1410,1435,663,405,-0.0495,0.049699999999999994,-0.0557,-0.624,-1.182,0.07999999999999999,0.4626,-0.212,0.5827,-2.4629999999999996,-13.304,0.7290000000000001
2,HGGU,855.0,1285,1110,1102,1087,390,469,1087,1710,719,1732,-0.0495,0.049699999999999994,-0.0557,-0.624,-1.182,0.07999999999999999,0.47569999999999996,-0.1998,0.5570999999999999,-1.265,-8.769,1.462
2,HGGU,874.0,1170,1243,825,582,648,1476,331,854,926,895,-0.0495,0.049699999999999994,-0.0557,-0.624,-1.182,0.07999999999999999,0.4845,-0.1902,0.5418,-2.158,-3.1740000000000004,2.027
2,HGGU,893.0,992,970,872,1180,343,1689,532,1708,1497,585,-0.0495,0.049699999999999994,-0.0557,-0.624,-1.182,0.07999999999999999,0.48810000000000003,-0.1901,0.5306,-2.891,2.032,2.798
2,HGGU,912.0,390,783,1070,554,291,615,1418,710,781,814,-0.0495,0.049699999999999994,-0.0557,-0.624,-1.182,0.07999999999999999,0.48379999999999995,-0.1892,0.5252,-3.173,8.704,3.661
2,HGGU,931.0,523,973,226,834,868,1245,796,1053,419,1107,-0.0495,0.049699999999999994,-0.0557,-0.624,-1.182,0.07999999999999999,0.48590000000000005,-0.1858,0.5222,-0.891,15.490000000000002,4.835999999999999
2,HGGU,950.0,768,725,702,567,549,572,586,553,1242,419,-0.0495,0.049699999999999994,-0.0557,-0.624,-1.182,0.07999999999999999,0.4662,-0.1886,0.5330999999999999,-0.45599999999999996,23.093,6.4159999999999995
2,HGGU,969.0,390,972,1079,1175,469,1606,1796,679,406,1534,-0.0495,0.049699999999999994,-0.0557,-0.624,-1.182,0.07999999999999999,0.448,-0.1976,0.5526,0.827,30.315,7.92
2,HGGU,988.0,552,1140,213,769,390,944,880,1215,466,1478,-0.0495,0.049699999999999994,-0.0557,-0.624,-1.182,0.07999999999999999,0.412,-0.2103,0.588,1.7579999999999998,37.76499999999999,9.18
2,HGGU,1007.0,1050,734,618,493,943,1573,984,552,452,823,-0.0495,0.049699999999999994,-0.0557,-0.624,-1.182,0.07999999999999999,0.3741,-0.2366,0.6353,1.315,45.238,9.348
2,HGGU,1026.0,666,500,349,1277,1158,759,518,558,1079,1109,-0.0495,0.049699999999999994,-0.0557,-0.624,-1.182,0.07999999999999999,0.3335,-0.2651,0.6760999999999999,-1.028,49.925,8.523
2,HGGU,1045.0,873,1146,802,707,379,326,1188,519,1542,560,-0.0495,0.049699999999999994,-0.0557,-0.624,-1.182,0.07999999999999999,0.3058,-0.267,0.7242,-3.9139999999999997,52.489999999999995,5.981
2,HGGU,1064.0,237,481,809,1216,770,344,597,1769,661,352,-0.0495,0.049699999999999994,-0.0557,-0.624,-1.182,0.07999999999999999,0.2979,-0.29050000000000004,0.7555999999999999,-5.082,50.940999999999995,5.194999999999999
2,HGGU,1083.0,498,576,544,1004,203,1631,992,786,1462,554,-0.0495,0.049699999999999994,-0.0557,-0.624,-1.182,0.07999999999999999,0.299,-0.2747,0.7401,-2.868,48.535999999999994,3.951
2,HGGU,1102.0,615,762,919,695,603,762,985,946,996,1257,-0.0495,0.049699999999999994,-0.0557,-0.624,-1.182,0.07999999999999999,0.315,-0.2631,0.7241,-4.211,48.986,1.729
2,HGGU,1121.0,854,1085,543,1102,255,790,1485,598,478,1245,-0.0495,0.049699999999999994,-0.0557,-0.624,-1.182,0.07999999999999999,0.3186,-0.25560000000000005,0.7323999999999999,-5.0889999999999995,49.794999999999995,2.584
2,HGGU,1140.0,219,354,1064,561,716,1662,1191,1433,1392,1639,-0.0495,0.049699999999999994,-0.0557,-0.624,-1.182,0.07999999999999999,0.3278,-0.27280000000000004,0.7223999999999999,-2.425,52.581999999999994,3.119
2,HGGU,1159.0,210,649,996,1038,573,1341,1203,948,878,1369,-0.0495,0.049699999999999994,-0.0557,-0.624,-1.182,0.07999999999999999,0.3247,-0.2493,0.7048,2.285,55.849,3.05
2,HGGU,1178.0,929,1262,669,875,888,838,1506,904,746,1623,-0.0495,0.049699999999999994,-0.0557,-0.624,-1.182,0.07999999999999999,0.3166,-0.24389999999999998,0.7264999999999999,1.682,61.016999999999996,2.111
2,HGGU,1197.0,1094,262,1043,729,507,1452,605,387,1575,1215,-0.0495,0.049699999999999994,-0.0557,-0.624,-1.182,0.07999999999999999,0.3022,-0.24439999999999998,0.7384999999999999,1.8189999999999997,64.87899999999999,1.8820000000000001
2,HGGU,1216.0,674,622,1015,327,247,1661,1211,400,1401,828,-0.0495,0.049699999999999994,-0.0557,-0.624,-1.182,0.07999999999999999,0.2953,-0.2372,0.7629999999999999,5.659,70.696,1.6680000000000001
2,HGGU,1235.0,1075,734,839,603,267,875,1131,1418,442,338,-0.0495,0.049699999999999994,-0.0557,-0.624,-1.182,0.07999999999999999,0.2659,-0.2301,0.7917,6.071,76.154,0.546
2,HGGU,1254.0,1084,850,943,1016,553,307,1091,1632,1297,1688,-0.0495,0.049699999999999994,-0.0557,-0.624,-1.182,0.07999999999999999,0.2225,-0.2217,0.8462999999999999,4.071,79.292,-1.401
2,HGGU,1273.0,1142,816,918,1055,780,918,467,416,1796,1105,-0.0495,0.049699999999999994,-0.0557,-0.624,-1.182,0.07999999999999999,0.1955,-0.22619999999999998,0.8967999999999999,2.369,76.87899999999999,-0.9729999999999999
2,HGGU,1292.0,341,1244,531,1222,845,723,1320,1346,766,711,-0.0495,0.049699999999999994,-0.0557,-0.624,-1.182,0.07999999999999999,0.1777,-0.22640000000000002,0.9046,3.705,73.009,-0.16399999999999998
2,HGGU,1311.0,1102,357,539,520,218,1080,1794,1260,1437,716,-0.0495,0.049699999999999994,-0.0557,-0.624,-1.182,0.07999999999999999,0.1769,-0.2196,0.8902,4.2010000000000005,68.414,0.783
2,HGGU,1330.0,865,1126,1135,1262,201,767,1374,1559,1635,321,-0.0495,0.049699999999999994,-0.0557,-0.624,-1.182,0.07999999999999999,0.1752,-0.24739999999999998,0.8816999999999999,4.521,68.536,1.309
2,HGGU,1349.0,1076,827,1283,958,544,671,529,1209,1624,577,-0.0495,0.049699999999999994,-0.0557,-0.624,-1.182,0.07999999999999999,0.1601,-0.2428,0.8879999999999999,9.224,71.704,1.47
2,HGGU,1368.0,1266,844,742,431,433,840,438,1306,467,517,-0.0495,0.049699999999999994,-0.0557,-0.624,-1.182,0.07999999999999999,0.1449,-0.2067,0.8742,11.277000000000001,72.971,0.989
2,HGGU,1387.0,617,415,410,1161,732,1236,1651,1141,1784,631,-0.0495,0.049699999999999994,-0.0557,-0.624,-1.182,0.07999999999999999,0.1325,-0.17329999999999998,0.8519,4.804,76.17,-0.14100000000000001
2,HGGU,1406.0,714,1242,1280,744,471,823,573,1589,905,1567,-0.0495,0.049699999999999994,-0.0557,-0.624,-1.182,0.07999999999999999,0.0973,-0.1897,0.9017999999999999,-1.616,73.93299999999999,1.065
2,HGGU,1425.0,710,1092,201,676,929,329,1393,1574,918,1738,-0.0495,0.049699999999999994,-0.0557,-0.624,-1.182,0.07999999999999999,0.0706,-0.224,0.9028999999999999,1.4529999999999998,70.597,4.0729999999999995
2,HGGU,1444.0,1094,588,690,417,556,1717,826,370,1249,723,-0.0495,0.049699999999999994,-0.0557,-0.624,-1.182,0.07999999999999999,0.038500000000000006,-0.24039999999999997,0.9007999999999999,3.0180000000000002,71.74199999999999,5.004
2,HGGU,1463.0,1092,547,433,721,444,1728,1394,1674,635,1619,-0.0495,0.049699999999999994,-0.0557,-0.624,-1.182,0.07999999999999999,-0.0168,-0.2705,0.9373999999999999,-0.845,72.467,-2.874
2,HGGU,1482.0,1201,736,388,1290,758,509,1436,603,905,1551,-0.0495,0.049699999999999994,-0.0557,-0.624,-1.182,0.07999999999999999,-0.0484,-0.2712,0.998,2.628,70.17699999999999,-5.126
2,HGGU,1501.0,518,1110,477,606,455,1591,1047,1318,561,638,-0.0495,0.049699999999999994,-0.0557,-0.624,-1.182,0.07999999999999999,-0.0755,-0.2356,1.0225,6.308,62.994,-4.477
2,HGGU,1520.0,655,1175,520,1227,920,1398,1321,1646,894,1559,-0.0495,0.049699999999999994,-0.0557,-0.624,-1.182,0.07999999999999999,-0.08299999999999999,-0.2251,1.0346,8.537,53.986,-1.294
2,HGGU,1539.0,960,262,1193,454,1198,995,1302,794,469,451,-0.0495,0.049699999999999994,-0.0557,-0.624,-1.182,0.07999999999999999,-0.081,-0.21689999999999998,1.0305,7.856999999999999,46.581999999999994,0.935
2,HGGU,1558.0,896,1035,1276,866,1239,664,1649,765,1214,1672,-0.0495,0.049699999999999994,-0.0557,-0.624,-1.182,0.07999999999999999,-0.0678,-0.2336,1.0214999999999999,7.75,42.742,1.462
2,HGGU,1577.0,807,665,1199,570,1052,1204,958,1165,1645,547,-0.0495,0.049699999999999994,-0.0557,-0.624,-1.182,0.07999999999999999,-0.0583,-0.2191,1.0198,6.4990000000000006,42.230999999999995,0.294
2,HGGU,1596.0,1247,255,492,992,1142,1289,1000,1499,962,1403,-0.0495,0.049699999999999994,-0.0557,-0.624,-1.182,0.07999999999999999,-0.056,-0.2295,1.0212999999999999,1.9949999999999999,41.65,-2.355
2,HGGU,1615.0,616,1289,1241,443,990,353,469,624,1539,525,-0.0495,0.049699999999999994,-0.0557,-0.624,-1.182,0.07999999999999999,-0.0655,-0.22829999999999998,1.0189,-1.364,41.321999999999996,-3.9579999999999997
2,HGGU,1634.0,843,333,363,1290,1105,357,1726,710,913,1244,-0.0495,0.049699999999999994,-0.0557,-0.624,-1.182,0.07999999999999999,-0.1189,-0.23450000000000001,1.0456999999999999,-4.173,33.666,-2.752
2,HGGU,1653.0,1212,587,305,785,640,951,444,1434,1499,1186,-0.0495,0.049699999999999994,-0.0557,-0.624,-1.182,0.07999999999999999,-0.1383,-0.3265,1.0793,-1.837,19.91,-4.042000000000001
2,HGGU,1672.0,689,977,1160,643,244,311,1721,465,751,1257,-0.0495,0.049699999999999994,-0.0557,-0.624,-1.182,0.07999999999999999,-0.1516,-0.3412,1.1025,1.056,14.315,-7.416
2,HGGU,1691.0,637,462,948,1185,577,1068,424,1003,1442,1036,-0.0495,0.049699999999999994,-0.0557,-0.624,-1.182,0.07999999999999999,-0.1471,-0.32920000000000005,1.0913,0.972,8.383000000000001,-11.683
2,HGGU,1710.0,748,1261,559,1065,360,1122,716,753,1604,737,-0.0495,0.049699999999999994,-0.0557,-0.624,-1.182,0.07999999999999999,-0.1432,-0.3294,1.0902,-3.593,1.9480000000000002,-16.813
2,HGGU,1729.0,387,370,983,828,475,768,304,1210,1226,1627,-0.0495,0.049699999999999994,-0.0557,-0.624,-1.182,0.07999999999999999,-0.1362,-0.33190000000000003,1.0811,-8.257,-4.266,-21.133
2,HGGU,1748.0,437,814,1113,657,1286,1737,1697,932,1462,1570,-0.0495,0.049699999999999994,-0.0557,-0.624,-1.182,0.07999999999999999,-0.1244,-0.33790000000000003,1.0694,-14.051,-9.395,-24.813
2,HGGU,1767.0,266,1083,1214,886,798,1138,1307,1681,433,623,-0.0495,0.049699999999999994,-0.0557,-0.624,-1.182,0.07999999999999999,-0.103,-0.35660000000000003,1.051,-17.501,-12.273,-28.759
2,HGGU,1786.0,240,1032,215,1215,432,836,603,1712,349,1028,-0.0495,0.049699999999999994,-0.0557,-0.624,-1.182,0.07999999999999999,-0.0899,-0.37370000000000003,1.0474999999999999,-18.814,-14.158999999999999,-31.706
2,HGGU,1805.0,821,542,747,253,208,1047,1426,1324,1393,349,-0.0495,0.049699999999999994,-0.0557,-0.624,-1.182,0.07999999999999999,-0.06989999999999999,-0.3688,1.0187,-18.799,-16.006,-35.469
2,HGGU,1824.0,640,657,358,515,773,710,1073,1066,1226,1339,-0.0495,0.049699999999999994,-0.0557,-0.624,-1.182,0.07999999999999999,-0.0561,-0.37120000000000003,0.9877,-19.883,-16.266000000000002,-38.897000000000006
2,HGGU,1843.0,508,218,554,603,1249,980,1008,1458,1280,1203,-0.0495,0.049699999999999994,-0.0557,-0.624,-1.182,0.07999999999999999,-0.0528,-0.3778,0.9863999999999999,-19.387,-15.105,-42.248000000000005
2,HGGU,1862.0,707,1052,882,576,998,1717,358,704,1485,1196,-0.0495,0.049699999999999994,-0.0557,-0.624,-1.182,0.07999999999999999,-0.0617,-0.38010000000000005,0.9739,-17.677,-15.884,-46.233000000000004
2,HGGU,1881.0,873,1195,1110,947,812,1608,589,883,1770,1414,-0.0495,0.049699999999999994,-0.0557,-0.624,-1.182,0.07999999999999999,-0.0759,-0.3759,0.9667,-15.288,-17.8,-49.797000000000004
2,HGGU,1900.0,1144,309,491,918,960,307,397,1669,967,325,-0.0495,0.049699999999999994,-0.0557,-0.624,-1.182,0.07999999999999999,-0.0697,-0.397,0.9712999999999999,-10.004999999999999,-22.182,-52.080000000000005
2,HGGU,1919.0,465,1174,914,202,1193,1031,1509,1557,1773,734,-0.0495,0.049699999999999994,-0.0557,-0.624,-1.182,0.07999999999999999,-0.065,-0.39,0.9624999999999999,-4.211,-24.747,-51.973000000000006
2,HGGU,1938.0,567,1009,625,1198,589,334,1228,829,348,1408,-0.0495,0.049699999999999994,-0.0557,-0.624,-1.182,0.07999999999999999,-0.0521,-0.38270000000000004,0.9539,7.575,-27.495,-52.843
2,HGGU,1957.0,730,1094,888,895,434,1615,1536,462,1798,311,-0.0495,0.049699999999999994,-0.0557,-0.624,-1.182,0.07999999999999999,-0.032100000000000004,-0.3386,0.9377,12.88,-28.8,-54.21
2,HGGU,1976.0,1283,1288,909,342,1054,1236,327,394,878,894,-0.0495,0.049699999999999994,-0.0557,-0.624,-1.182,0.07999999999999999,-0.0095,-0.3053,0.9114,13.857,-28.38,-55.523
2,HGGU,1995.0,1193,235,1108,1088,847,493,1018,1319,488,1715,-0.0495,0.049699999999999994,-0.0557,-0.624,-1.182,0.07999999999999999,0.008899999999999998,-0.2786,0.8907999999999999,10.468,-27.93,-56.54600000000001
2,HGGU,2014.0,379,1131,1252,1101,273,751,1243,1120,1409,933,-0.0495,0.049699999999999994,-0.0557,-0.624,-1.182,0.07999999999999999,0.022400000000000003,-0.2842,0.8803,7.453,-26.762,-58.355000000000004
2,HGGU,2033.0,662,444,297,1276,931,1034,651,1571,1257,645,-0.0495,0.049699999999999994,-0.0557,-0.624,-1.182,0.07999999999999999,0.0353,-0.26430000000000003,0.8695999999999999,11.323,-26.22,-59.416000000000004
2,HGGU,2052.0,858,687,243,918,1018,1765,1388,959,622,772,-0.0495,0.049699999999999994,-0.0557,-0.624,-1.182,0.07999999999999999,0.044,-0.23379999999999998,0.8503999999999999,12.773,-26.174,-60.011
2,HGGU,2071.0,631,638,1239,604,335,339,818,1616,896,1619,-0.0495,0.049699999999999994,-0.0557,-0.624,-1.182,0.07999999999999999,0.0586,-0.22469999999999998,0.8444999999999999,10.934000000000001,-25.8,-60.126000000000005
2,HGGU,2090.0,683,652,1223,1157,775,343,1421,695,1005,1328,-0.0495,0.049699999999999994,-0.0557,-0.624,-1.182,0.07999999999999999,0.0805,-0.208,0.8123999999999999,12.109,-25.319,-59.561
2,HGGU,2109.0,288,1014,1066,887,399,1592,1168,759,556,1670,-0.0495,0.049699999999999994,-0.0557,-0.624,-1.182,0.07999999999999999,0.0982,-0.2034,0.8004,10.445,-23.174,-58.714000000000006
2,HGGU,2128.0,1119,561,1047,1076,1161,1372,1447,951,1146,1150,-0.0495,0.049699999999999994,-0.0557,-0.624,-1.182,0.07999999999999999,0.1144,-0.20729999999999998,0.7825,13.117,-18.326999999999998,-58.462
2,HGGU,2147.0,404,204,767,667,768,1115,1314,844,1163,592,-0.0495,0.049699999999999994,-0.0557,-0.624,-1.182,0.07999999999999999,0.11760000000000001,-0.1668,0.7986,15.407,-12.93,-58.24
2,HGGU,2166.0,1176,242,620,1230,782,1587,409,543,1540,816,-0.0495,0.049699999999999994,-0.0557,-0.624,-1.182,0.07999999999999999,0.12259999999999999,-0.12789999999999999,0.8039,11.743,-9.685,-56.332
2,HGGU,2185.0,256,600,349,316,1210,457,302,1456,1155,1219,-0.0495,0.049699999999999994,-0.0557,-0.624,-1.182,0.07999999999999999,0.1261,-0.1215,0.7995,8.208,-8.594,-54.790000000000006
2,HGGU,2204.0,1161,200,897,1254,825,1404,912,1489,1626,618,-0.0495,0.049699999999999994,-0.0557,-0.624,-1.182,0.07999999999999999,0.1359,-0.1215,0.8078,10.689,-3.2809999999999997,-51.370000000000005
2,HGGU,2223.0,1017,744,955,615,746,1238,600,1331,899,463,-0.0495,0.049699999999999994,-0.0557,-0.624,-1.182,0.07999999999999999,0.132,-0.10749999999999998,0.8181999999999999,14.155,0.406,-49.24
2,HGGU,2242.0,1030,555,1028,639,244,810,1323,774,973,1785,-0.0495,0.049699999999999994,-0.0557,-0.624,-1.182,0.07999999999999999,0.136,-0.06259999999999999,0.8359,12.842,2.33,-43.286
2,HGGU,2261.0,566,688,751,990,423,1600,649,925,911,1035,-0.0495,0.049699999999999994,-0.0557,-0.624,-1.182,0.07999999999999999,0.1425,-0.06889999999999999,0.8437,10.728,2.7190000000000003,-40.004000000000005
2,HGGU,2280.0,435,535,483,1204,230,1194,1067,1186,1609,460,-0.0495,0.049699999999999994,-0.0557,-0.624,-1.182,0.07999999999999999,0.1416,-0.07300000000000001,0.8552,10.735,4.49,-37.568000000000005
2,HGGU,2299.0,1111,1233,409,907,1022,1653,1537,615,1049,1677,-0.0495,0.049699999999999994,-0.0557,-0.624,-1.182,0.07999999999999999,0.1415,-0.0663,0.8546999999999999,13.262,5.994000000000001,-35.385000000000005
2,HGGU,2318.0,365,1268,850,1203,342,795,1402,1434,1713,672,-0.0495,0.049699999999999994,-0.0557,-0.624,-1.182,0.07999999999999999,0.1526,-0.023600000000000003,0.8609,15.987000000000002,7.436999999999999,-32.729000000000006
2,HGGU,2337.0,816,490,1118,1274,1052,517,1563,508,695,1301,-0.0495,0.049699999999999994,-0.0557,-0.624,-1.182,0.07999999999999999,0.1634,0.028999999999999998,0.8652,15.247,9.292,-29.645
2,HGGU,2356.0,317,425,355,327,718,634,1794,740,1317,441,-0.0495,0.049699999999999994,-0.0557,-0.624,-1.182,0.07999999999999999,0.1609,0.09459999999999999,0.8641,14.804,10.07,-25.118
2,HGGU,2375.0,388,448,960,285,242,1162,1793,1347,1690,1153,-0.0495,0.049699999999999994,-0.0557,-0.624,-1.182,0.07999999999999999,0.1433,0.1398,0.8714,10.636000000000001,10.452,-18.965
2,HGGU,2394.0,718,262,1080,220,325,348,1799,1800,531,905,-0.0495,0.049699999999999994,-0.0557,-0.624,-1.182,0.07999999999999999,0.1621,0.1794,0.8963,4.453,6.238,-11.843
2,HGGU,2413.0,724,480,533,535,685,610,1303,645,930,1696,-0.0495,0.049699999999999994,-0.0557,-0.624,-1.182,0.07999999999999999,0.1631,0.1739,0.8919999999999999,0.5289999999999999,1.757,-3.011
2,HGGU,2432.0,988,1165,1030,861,1275,974,1304,1062,1324,1591,-0.0495,0.049699999999999994,-0.0557,-0.624,-1.182,0.07999999999999999,0.1777,0.16670000000000001,0.8767999999999999,1.079,-1.3039999999999998,13.806000000000001
2,HGGU,2451.0,426,1027,1130,1220,1173,1000,505,874,1400,1516,-0.0495,0.049699999999999994,-0.0557,-0.624,-1.182,0.07999999999999999,0.1692,0.1482,0.8632,-1.127,0.498,21.622
2,HGGU,2470.0,992,787,1147,1055,1288,1401,1602,892,1040,311,-0.0495,0.049699999999999994,-0.0557,-0.624,-1.182,0.07999999999999999,0.147,0.12340000000000001,0.8801,-2.509,4.231,28.424
2,HGGU,2489.0,1135,765,377,427,271,1427,1350,1066,1127,638,-0.0495,0.049699999999999994,-0.0557,-0.624,-1.182,0.07999999999999999,0.1159,0.0834,0.9063,-4.769,7.17,34.744
2,HGGU,2508.0,462,1093,617,468,997,1296,915,1229,1211,1503,-0.0495,0.049699999999999994,-0.0557,-0.624,-1.182,0.07999999999999999,0.079,0.0312,0.9427,-3.86,8.086,40.644999999999996
2,HGGU,2527.0,573,490,317,269,622,599,637,1691,906,1103,-0.0495,0.049699999999999994,-0.0557,-0.624,-1.182,0.07999999999999999,0.054599999999999996,-0.009000000000000001,0.9722,-1.929,6.429,45.087999999999994
2,HGGU,2546.0,470,1032,1101,388,1018,1041,732,1263,1373,1361,-0.0495,0.049699999999999994,-0.0557,-0.624,-1.182,0.07999999999999999,0.045899999999999996,-0.04800000000000001,0.9849999999999999,0.43,2.3680000000000003,48.546
2,HGGU,2565.0,492,321,897,414,725,732,1635,805,839,887,-0.0495,0.049699999999999994,-0.0557,-0.624,-1.182,0.07999999999999999,0.060200000000000004,-0.045500000000000006,0.9682,2.415,-1.5939999999999999,50.592
2,HGGU,2584.0,1250,229,1137,835,1274,1331,855,554,570,1768,-0.0495,0.049699999999999994,-0.0557,-0.624,-1.182,0.07999999999999999,0.07680000000000001,-0.055299999999999995,0.9576,-0.509,-4.762,53.187
2,HGGU,2603.0,906,634,838,681,1234,677,975,331,772,1724,-0.0495,0.049699999999999994,-0.0557,-0.624,-1.182,0.07999999999999999,0.0968,-0.058,0.9221999999999999,-3.585,-6.449,54.995999999999995
2,HGGU,2622.0,1241,260,1137,927,491,1545,1520,810,1584,1128,-0.0495,0.049699999999999994,-0.0557,-0.624,-1.182,0.07999999999999999,0.1271,-0.1276,0.8974,-12.753,-5.495,55.843999999999994
2,HGGU,2641.0,328,904,1094,443,317,906,1157,1345,1435,491,-0.0495,0.049699999999999994,-0.0557,-0.624,-1.182,0.07999999999999999,0.0918,-0.12279999999999999,0.9085,-5.5009999999999994,0.948,58.873999999999995
2,HGGU,2660.0,544,217,747,605,707,1596,1090,478,612,1158,-0.0495,0.049699999999999994,-0.0557,-0.624,-1.182,0.07999999999999999,0.0885,-0.1581,0.8855999999999999,-9.937,0.08600000000000008,59.18
2,HGGU,2679.0,241,730,782,1148,1193,422,491,569,1216,1138,-0.0495,0.049699999999999994,-0.0557,-0.624,-1.182,0.07999999999999999,0.0751,-0.1788,0.9178999999999999,-6.242,-2.976,62.18
2,HGGU,2698.0,672,495,428,670,1155,1320,889,1109,1490,1042,-0.0495,0.049699999999999994,-0.0557,-0.624,-1.182,0.07999999999999999,0.0406,-0.1576,0.9010999999999999,-2.6239999999999997,-2.739,64.821
2,HGGU,2717.0,1107,1235,1006,1194,290,932,1514,836,1109,778,-0.0495,0.049699999999999994,-0.0557,-0.624,-1.182,0.07999999999999999,0.0655,-0.2538,0.9674999999999999,-16.853,-11.991,61.278999999999996
2,HGGU,2736.0,725,529,603,391,1198,691,1134,583,925,376,-0.0495,0.049699999999999994,-0.0557,-0.624,-1.182,0.07999999999999999,-0.0495,0.049699999999999994,-0.0557,-0.624,-1.182,0.07999999999999999
2,HGGU,2755.0,1044,1133,954,372,516,1502,864,986,1490,817,-0.0495,0.049699999999999994,-0.0557,-0.624,-1.182,0.07999999999999999,-0.0495,0.049699999999999994,-0.0557,-0.624,-1.182,0.07999999999999999
2,HGGU,2774.0,441,413,442,608,869,1548,824,1193,1134,869,-0.0495,0.049699999999999994,-0.0557,-0.624,-1.182,0.07999999999999999,-0.0495,0.049699999999999994,-0.0557,-0.624,-1.182,0.07999999999999999
2,HGGU,2793.0,1199,1177,1104,484,792,1336,1380,1157,1099,934,-0.0495,0.049699999999999994,-0.0557,-0.624,-1.182,0.07999999999999999,-0.0495,0.049699999999999994,-0.0557,-0.624,-1.182,0.07999999999999999
2,HGGU,2812.0,280,1277,995,327,1045,978,357,824,957,1083,-0.0495,0.049699999999999994,-0.0557,-0.624,-1.182,0.07999999999999999,-0.0495,0.049699999999999994,-0.0557,-0.624,-1.182,0.07999999999999999
2,HGGU,2831.0,1152,259,909,830,247,570,1363,934,946,1178,-0.0495,0.049699999999999994,-0.0557,-0.624,-1.182,0.07999999999999999,-0.0495,0.049699999999999994,-0.0557,-0.624,-1.182,0.07999999999999999
2,HGGU,2850.0,489,470,1245,853,673,349,1548,583,1012,400,-0.0495,0.049699999999999994,-0.0557,-0.624,-1.182,0.07999999999999999,-0.0495,0.049699999999999994,-0.0557,-0.624,-1.182,0.07999999999999999
2,HGGU,2869.0,879,961,886,1193,536,1404,457,593,1006,311,-0.0495,0.049699999999999994,-0.0557,-0.624,-1.182,0.07999999999999999,-0.0495,0.049699999999999994,-0.0557,-0.624,-1.182,0.07999999999999999
2,HGGU,2888.0,464,978,1181,336,793,407,859,694,963,1749,-0.0495,0.049699999999999994,-0.0557,-0.624,-1.182,0.07999999999999999,-0.0495,0.049699999999999994,-0.0557,-0.624,-1.182,0.07999999999999999
2,HGGU,2907.0,872,1198,684,940,395,1755,1581,682,1073,888,-0.0495,0.049699999999999994,-0.0557,-0.624,-1.182,0.07999999999999999,0.10769999999999999,-0.3748,0.9010999999999999,3.353,-16.441,33.919999999999995
2,HGGU,2926.0,1068,1146,206,986,951,1770,1119,1207,319,1573,-0.0495,0.049699999999999994,-0.0557,-0.624,-1.182,0.07999999999999999,-0.0495,0.049699999999999994,-0.0557,-0.624,-1.182,0.07999999999999999
2,HGGU,2945.0,242,351,227,433,605,699,1482,1544,1070,951,-0.0495,0.049699999999999994,-0.0557,-0.624,-1.182,0.07999999999999999,0.1164,-0.34450000000000003,0.8886,6.163,-17.326999999999998,26.79
2,HGGU,2964.0,394,885,638,493,484,1335,1616,763,409,738,-0.0495,0.049699999999999994,-0.0557,-0.624,-1.182,0.07999999999999999,-0.0495,0.049699999999999994,-0.0557,-0.624,-1.182,0.07999999999999999
2,HGGU,2983.0,1290,1071,1297,525,662,1646,1376,1542,897,1330,-0.0495,0.049699999999999994,-0.0557,-0.624,-1.182,0.07999999999999999,0.11779999999999999,-0.3461,0.9000999999999999,-0.25,-15.838,19.951
2,HGGU,3002.0,307,1023,207,1207,774,1210,471,1777,921,606,-0.0495,0.049699999999999994,-0.0557,-0.624,-1.182,0.07999999999999999,0.11299999999999999,-0.3486,0.9149999999999999,-1.715,-16.014,16.89
2,HGGU,3021.0,1244,820,662,351,435,1797,1673,1798,849,891,-0.0495,0.049699999999999994,-0.0557,-0.624,-1.182,0.07999999999999999,0.12,-0.33580000000000004,0.9060999999999999,-3.395,-16.876,13.874
2,HGGU,3040.0,815,1136,416,1214,1058,1450,1307,1171,1429,920,-0.0495,0.049699999999999994,-0.0557,-0.624,-1.182,0.07999999999999999,0.1278,-0.3395,0.8958999999999999,-5.532,-17.448999999999998,11.248000000000001
2,HGGU,3059.0,1166,596,1207,520,794,1194,760,718,1043,1677,-0.0495,0.049699999999999994,-0.0557,-0.624,-1.182,0.07999999999999999,0.1355,-0.34140000000000004,0.8935,-5.601,-17.907,8.767000000000001
2,HGGU,3078.0,502,446,762,292,1055,1652,1453,644,1666,396,-0.0495,0.049699999999999994,-0.0557,-0.624,-1.182,0.07999999999999999,0.1352,-0.34330000000000005,0.8863,-3.677,-18.296,6.981
2,HGGU,3097.0,528,1205,298,663,1208,1646,307,1468,817,845,-0.0495,0.049699999999999994,-0.0557,-0.624,-1.182,0.07999999999999999,0.1421,-0.325,0.8736999999999999,-1.883,-20.197,3.233
2,HGGU,3116.0,1028,977,851,675,1127,1355,1053,1732,955,484,-0.0495,0.049699999999999994,-0.0557,-0.624,-1.182,0.07999999999999999,0.1465,-0.31620000000000004,0.862,-1.318,-21.029,1.661
2,HGGU,3135.0,1124,883,310,1132,665,1006,1026,1646,963,601,-0.0495,0.049699999999999994,-0.0557,-0.624,-1.182,0.07999999999999999,0.1554,-0.3042,0.8651,-1.334,-20.495,0.309
2,HGGU,3154.0,708,472,1108,559,689,1599,971,1589,1394,1266,-0.0495,0.049699999999999994,-0.0557,-0.624,-1.182,0.07999999999999999,0.1567,-0.2943,0.8545999999999999,-1.563,-18.846,-0.82
2,HGGU,3173.0,1024,260,644,1163,1260,1268,1530,923,1615,439,-0.0495,0.049699999999999994,-0.0557,-0.624,-1.182,0.07999999999999999,0.1514,-0.29650000000000004,0.8687999999999999,-3.089,-18.395,-1.7289999999999999
